"","country","last_year_available","total_ghg","sector","percentage"
"1","Afghanistan","2005","19.32802","energy","19.53723144"
"2","Afghanistan","2005","19.32802","transport from energy","8.747869673"
"3","Afghanistan","2005","19.32802","industrial","1.615064554"
"4","Afghanistan","2005","19.32802","agriculture","78.17303583"
"5","Afghanistan","2005","19.32802","waste","0.674719914"
"6","Albania","1994","5.53387","energy","56.10865452"
"7","Albania","1994","5.53387","transport from energy","14.40745807"
"8","Albania","1994","5.53387","industrial","3.792463502"
"9","Albania","1994","5.53387","agriculture","33.95959789"
"10","Albania","1994","5.53387","waste","6.139284081"
"11","Algeria","2000","111.02259","energy","78.89889796"
"12","Algeria","2000","111.02259","transport from energy","11.52016"
"13","Algeria","2000","111.02259","industrial","4.921367805"
"14","Algeria","2000","111.02259","agriculture","5.885847196"
"15","Algeria","2000","111.02259","waste","10.29388704"
"16","Angola","2005","61.61076","energy","61.24264658"
"17","Angola","2005","61.61076","transport from energy",NA
"18","Angola","2005","61.61076","industrial","0.571328774"
"19","Angola","2005","61.61076","agriculture","36.64197617"
"20","Angola","2005","61.61076","waste","1.544048475"
"21","Antigua and Barbuda","2000","0.59775","energy","62.35382685"
"22","Antigua and Barbuda","2000","0.59775","transport from energy","30.55290673"
"23","Antigua and Barbuda","2000","0.59775","industrial",NA
"24","Antigua and Barbuda","2000","0.59775","agriculture","17.45378503"
"25","Antigua and Barbuda","2000","0.59775","waste","20.19238812"
"26","Argentina","2000","282.00076","energy","46.79453346"
"27","Argentina","2000","282.00076","transport from energy","14.26859984"
"28","Argentina","2000","282.00076","industrial","3.938897186"
"29","Argentina","2000","282.00076","agriculture","44.29753664"
"30","Argentina","2000","282.00076","waste","4.969036254"
"31","Armenia","2010","7.20217","energy","69.53904171"
"32","Armenia","2010","7.20217","transport from energy","17.32450081"
"33","Armenia","2010","7.20217","industrial","3.13738776"
"34","Armenia","2010","7.20217","agriculture","18.3575228"
"35","Armenia","2010","7.20217","waste","8.966047733"
"36","Australia","2012","543.64845","energy","76.03421844"
"37","Australia","2012","543.64845","transport from energy","16.5926602"
"38","Australia","2012","543.64845","industrial","5.74006419"
"39","Australia","2012","543.64845","agriculture","16.06931097"
"40","Australia","2012","543.64845","waste","2.156406406"
"41","Austria","2012","80.05936","energy","74.55908966"
"42","Austria","2012","80.05936","transport from energy","27.02473515"
"43","Austria","2012","80.05936","industrial","13.58646884"
"44","Austria","2012","80.05936","agriculture","9.366837307"
"45","Austria","2012","80.05936","waste","2.069714272"
"46","Azerbaijan","1994","43.16597","energy","10.43910284"
"47","Azerbaijan","1994","43.16597","transport from energy",NA
"48","Azerbaijan","1994","43.16597","industrial",NA
"49","Azerbaijan","1994","43.16597","agriculture","8.531326876"
"50","Azerbaijan","1994","43.16597","waste","4.075432569"
"51","Bahamas","1994","2.1972","energy","84.93537229"
"52","Bahamas","1994","2.1972","transport from energy",NA
"53","Bahamas","1994","2.1972","industrial",NA
"54","Bahamas","1994","2.1972","agriculture","0.955761879"
"55","Bahamas","1994","2.1972","waste",NA
"56","Bahrain","2000","22.3728","energy","77.11596224"
"57","Bahrain","2000","22.3728","transport from energy","6.789494386"
"58","Bahrain","2000","22.3728","industrial","11.24490453"
"59","Bahrain","2000","22.3728","agriculture",NA
"60","Bahrain","2000","22.3728","waste","11.63913323"
"61","Bangladesh","2005","99.44224","energy","38.86182572"
"62","Bangladesh","2005","99.44224","transport from energy","5.530848863"
"63","Bangladesh","2005","99.44224","industrial","2.929036997"
"64","Bangladesh","2005","99.44224","agriculture","43.36073886"
"65","Bangladesh","2005","99.44224","waste","14.84839843"
"66","Barbados","1997","4.05644","energy","49.97781306"
"67","Barbados","1997","4.05644","transport from energy","6.203962095"
"68","Barbados","1997","4.05644","industrial","4.215519027"
"69","Barbados","1997","4.05644","agriculture","1.649722417"
"70","Barbados","1997","4.05644","waste","44.1569455"
"71","Belarus","2012","89.28333","energy","61.9419325"
"72","Belarus","2012","89.28333","transport from energy","8.083524662"
"73","Belarus","2012","89.28333","industrial","4.787366242"
"74","Belarus","2012","89.28333","agriculture","26.17680143"
"75","Belarus","2012","89.28333","waste","7.021669107"
"76","Belgium","2012","116.52032","energy","81.0157061"
"77","Belgium","2012","116.52032","transport from energy","21.41072905"
"78","Belgium","2012","116.52032","industrial","9.588756708"
"79","Belgium","2012","116.52032","agriculture","7.944133693"
"80","Belgium","2012","116.52032","waste","1.294452332"
"81","Belize","1994","6.33501","energy","9.57930611"
"82","Belize","1994","6.33501","transport from energy","4.955004017"
"83","Belize","1994","6.33501","industrial","0.004577735"
"84","Belize","1994","6.33501","agriculture","4.267870138"
"85","Belize","1994","6.33501","waste","86.14793031"
"86","Benin","2000","6.25103","energy","30.08896134"
"87","Benin","2000","6.25103","transport from energy","14.526726"
"88","Benin","2000","6.25103","industrial",NA
"89","Benin","2000","6.25103","agriculture","67.81282445"
"90","Benin","2000","6.25103","waste","2.098214214"
"91","Bhutan","2000","1.5559","energy","17.22989909"
"92","Bhutan","2000","1.5559","transport from energy","7.591104827"
"93","Bhutan","2000","1.5559","industrial","15.28118774"
"94","Bhutan","2000","1.5559","agriculture","64.5902693"
"95","Bhutan","2000","1.5559","waste","2.898643872"
"96","Bolivia (Plurinational State of)","2004","43.6651","energy","20.69055149"
"97","Bolivia (Plurinational State of)","2004","43.6651","transport from energy","9.789397024"
"98","Bolivia (Plurinational State of)","2004","43.6651","industrial","48.71299963"
"99","Bolivia (Plurinational State of)","2004","43.6651","agriculture","26.69676698"
"100","Bolivia (Plurinational State of)","2004","43.6651","waste","3.899681897"
"101","Bosnia and Herzegovina","2001","16.11846","energy","76.49942985"
"102","Bosnia and Herzegovina","2001","16.11846","transport from energy",NA
"103","Bosnia and Herzegovina","2001","16.11846","industrial","3.70153228"
"104","Bosnia and Herzegovina","2001","16.11846","agriculture","13.66650412"
"105","Bosnia and Herzegovina","2001","16.11846","waste","6.132533753"
"106","Botswana","1994","9.29174","energy","41.35425658"
"107","Botswana","1994","9.29174","transport from energy","8.622604593"
"108","Botswana","1994","9.29174","industrial","2.268681646"
"109","Botswana","1994","9.29174","agriculture","54.52810776"
"110","Botswana","1994","9.29174","waste","1.848954017"
"111","Brazil","2005","862.80888","energy","38.10646919"
"112","Brazil","2005","862.80888","transport from energy","15.5932563"
"113","Brazil","2005","862.80888","industrial","8.947390528"
"114","Brazil","2005","862.80888","agriculture","48.18807614"
"115","Brazil","2005","862.80888","waste","4.75806415"
"116","Bulgaria","2012","61.25908","energy","77.00030755"
"117","Bulgaria","2012","61.25908","transport from energy","13.74504808"
"118","Bulgaria","2012","61.25908","industrial","6.358600227"
"119","Bulgaria","2012","61.25908","agriculture","10.67358504"
"120","Bulgaria","2012","61.25908","waste","5.900594655"
"121","Burkina Faso","1994","5.96824","energy","15.21805423"
"122","Burkina Faso","1994","5.96824","transport from energy","5.412315859"
"123","Burkina Faso","1994","5.96824","industrial",NA
"124","Burkina Faso","1994","5.96824","agriculture","78.89109687"
"125","Burkina Faso","1994","5.96824","waste","5.891016447"
"126","Burundi","2005","26.47402","energy","1.346565425"
"127","Burundi","2005","26.47402","transport from energy","0.400165898"
"128","Burundi","2005","26.47402","industrial","0.000604366"
"129","Burundi","2005","26.47402","agriculture","97.89725928"
"130","Burundi","2005","26.47402","waste","0.75553316"
"131","Cabo Verde","2000","0.44766","energy","65.60112585"
"132","Cabo Verde","2000","0.44766","transport from energy","30.72644418"
"133","Cabo Verde","2000","0.44766","industrial","0.189876245"
"134","Cabo Verde","2000","0.44766","agriculture","29.23200643"
"135","Cabo Verde","2000","0.44766","waste","4.976991467"
"136","Cambodia","1994","12.76259","energy","14.73924964"
"137","Cambodia","1994","12.76259","transport from energy","6.513489817"
"138","Cambodia","1994","12.76259","industrial","0.390594699"
"139","Cambodia","1994","12.76259","agriculture","82.73602772"
"140","Cambodia","1994","12.76259","waste","2.134127947"
"141","Cameroon","1994","165.72502","energy","1.954792342"
"142","Cameroon","1994","165.72502","transport from energy","0.816026452"
"143","Cameroon","1994","165.72502","industrial","35.31358753"
"144","Cameroon","1994","165.72502","agriculture","61.68760758"
"145","Cameroon","1994","165.72502","waste","1.044012546"
"146","Canada","2012","698.62647","energy","80.98159665"
"147","Canada","2012","698.62647","transport from energy","27.92789973"
"148","Canada","2012","698.62647","industrial","8.081153868"
"149","Canada","2012","698.62647","agriculture","7.948253092"
"150","Canada","2012","698.62647","waste","2.944603573"
"151","Central African Republic","1994","37.737","energy","50.15767019"
"152","Central African Republic","1994","37.737","transport from energy","0.32329014"
"153","Central African Republic","1994","37.737","industrial",NA
"154","Central African Republic","1994","37.737","agriculture","43.04459814"
"155","Central African Republic","1994","37.737","waste","6.797731669"
"156","Chad","1993","8.0211","energy","3.860443081"
"157","Chad","1993","8.0211","transport from energy",NA
"158","Chad","1993","8.0211","industrial",NA
"159","Chad","1993","8.0211","agriculture","90.99774345"
"160","Chad","1993","8.0211","waste","5.141813467"
"161","Chile","2006","78.95519","energy","73.23144938"
"162","Chile","2006","78.95519","transport from energy","21.62729265"
"163","Chile","2006","78.95519","industrial","6.642970525"
"164","Chile","2006","78.95519","agriculture","16.97270312"
"165","Chile","2006","78.95519","waste","3.152876967"
"166","China","2005","7465.86172","energy","77.28317261"
"167","China","2005","7465.86172","transport from energy","5.770077402"
"168","China","2005","7465.86172","industrial","10.24511234"
"169","China","2005","7465.86172","agriculture","10.97433934"
"170","China","2005","7465.86172","waste","1.497375711"
"171","Colombia","2004","153.88477","energy","42.8704608"
"172","Colombia","2004","153.88477","transport from energy","14.14609126"
"173","Colombia","2004","153.88477","industrial","5.894092053"
"174","Colombia","2004","153.88477","agriculture","44.55644311"
"175","Colombia","2004","153.88477","waste","6.679004037"
"176","Comoros","1994","0.51213","energy","13.76994123"
"177","Comoros","1994","0.51213","transport from energy",NA
"178","Comoros","1994","0.51213","industrial",NA
"179","Comoros","1994","0.51213","agriculture","85.61107531"
"180","Comoros","1994","0.51213","waste","0.618983461"
"181","Congo","2000","2.06505","energy","78.0455679"
"182","Congo","2000","2.06505","transport from energy","18.67509261"
"183","Congo","2000","2.06505","industrial","0.233408392"
"184","Congo","2000","2.06505","agriculture","15.72359023"
"185","Congo","2000","2.06505","waste","5.997433476"
"186","Cook Islands","1994","0.0803","energy","40.54794521"
"187","Cook Islands","1994","0.0803","transport from energy","19.9875467"
"188","Cook Islands","1994","0.0803","industrial",NA
"189","Cook Islands","1994","0.0803","agriculture","12.85180573"
"190","Cook Islands","1994","0.0803","waste","46.58779577"
"191","Costa Rica","2005","12.11403","energy","46.99600381"
"192","Costa Rica","2005","12.11403","transport from energy","32.11895628"
"193","Costa Rica","2005","12.11403","industrial","4.099378985"
"194","Costa Rica","2005","12.11403","agriculture","38.00073138"
"195","Costa Rica","2005","12.11403","waste","10.90388582"
"196","Côte d'Ivoire","2000","271.19746","energy","24.55284426"
"197","Côte d'Ivoire","2000","271.19746","transport from energy","0.812227371"
"198","Côte d'Ivoire","2000","271.19746","industrial","0.000604725"
"199","Côte d'Ivoire","2000","271.19746","agriculture","71.76022593"
"200","Côte d'Ivoire","2000","271.19746","waste","3.686325086"
"201","Croatia","2012","26.44962","energy","71.54416585"
"202","Croatia","2012","26.44962","transport from energy","21.58514943"
"203","Croatia","2012","26.44962","industrial","10.77750833"
"204","Croatia","2012","26.44962","agriculture","12.8344755"
"205","Croatia","2012","26.44962","waste","4.255675507"
"206","Cuba","1996","40.19487","energy","66.28756356"
"207","Cuba","1996","40.19487","transport from energy",NA
"208","Cuba","1996","40.19487","industrial","3.027227106"
"209","Cuba","1996","40.19487","agriculture","25.56254069"
"210","Cuba","1996","40.19487","waste","5.122668639"
"211","Cyprus","2012","9.2593","energy","70.80200447"
"212","Cyprus","2012","9.2593","transport from energy","22.32004579"
"213","Cyprus","2012","9.2593","industrial","8.793321309"
"214","Cyprus","2012","9.2593","agriculture","8.807361248"
"215","Cyprus","2012","9.2593","waste","10.80589245"
"216","Czech Republic","2012","131.46603","energy","81.45835088"
"217","Czech Republic","2012","131.46603","transport from energy","12.86158105"
"218","Czech Republic","2012","131.46603","industrial","9.200460377"
"219","Czech Republic","2012","131.46603","agriculture","6.12962147"
"220","Czech Republic","2012","131.46603","waste","2.865029088"
"221","Democratic People's Republic of Korea","2002","87.33","energy","88.86407878"
"222","Democratic People's Republic of Korea","2002","87.33","transport from energy","1.703881828"
"223","Democratic People's Republic of Korea","2002","87.33","industrial","6.478873239"
"224","Democratic People's Republic of Korea","2002","87.33","agriculture","3.222260392"
"225","Democratic People's Republic of Korea","2002","87.33","waste","1.434787587"
"226","Democratic Republic of the Congo","2003","45.99898","energy","7.81756465"
"227","Democratic Republic of the Congo","2003","45.99898","transport from energy","1.81090972"
"228","Democratic Republic of the Congo","2003","45.99898","industrial","0.341311916"
"229","Democratic Republic of the Congo","2003","45.99898","agriculture","75.18136272"
"230","Democratic Republic of the Congo","2003","45.99898","waste","16.65976072"
"231","Denmark","2012","53.11801","energy","76.07030083"
"232","Denmark","2012","53.11801","transport from energy","23.5098604"
"233","Denmark","2012","53.11801","industrial","3.411780675"
"234","Denmark","2012","53.11801","agriculture","18.1493998"
"235","Denmark","2012","53.11801","waste","2.073797569"
"236","Djibouti","2000","1.07181","energy","33.25776024"
"237","Djibouti","2000","1.07181","transport from energy","10.14638789"
"238","Djibouti","2000","1.07181","industrial",NA
"239","Djibouti","2000","1.07181","agriculture","61.66764632"
"240","Djibouti","2000","1.07181","waste","5.074593445"
"241","Dominica","2005","0.18189","energy","66.91406894"
"242","Dominica","2005","0.18189","transport from energy","25.72983671"
"243","Dominica","2005","0.18189","industrial","0"
"244","Dominica","2005","0.18189","agriculture","22.7610094"
"245","Dominica","2005","0.18189","waste","10.32492166"
"246","Dominican Republic","2000","26.43324","energy","69.03013025"
"247","Dominican Republic","2000","26.43324","transport from energy","23.39206242"
"248","Dominican Republic","2000","26.43324","industrial","3.068333659"
"249","Dominican Republic","2000","26.43324","agriculture","21.57181639"
"250","Dominican Republic","2000","26.43324","waste","6.329719701"
"251","Ecuador","2006","247.98974","energy","10.84535191"
"252","Ecuador","2006","247.98974","transport from energy","5.155112466"
"253","Ecuador","2006","247.98974","industrial","1.110767728"
"254","Ecuador","2006","247.98974","agriculture","84.72640441"
"255","Ecuador","2006","247.98974","waste","3.317475957"
"256","Egypt","2000","193.23758","energy","60.12964973"
"257","Egypt","2000","193.23758","transport from energy","14.08101882"
"258","Egypt","2000","193.23758","industrial","14.36956517"
"259","Egypt","2000","193.23758","agriculture","16.45590884"
"260","Egypt","2000","193.23758","waste","9.044876261"
"261","El Salvador","2005","11.069","energy","53.37663746"
"262","El Salvador","2005","11.069","transport from energy","22.43481796"
"263","El Salvador","2005","11.069","industrial","3.993856717"
"264","El Salvador","2005","11.069","agriculture","28.12702141"
"265","El Salvador","2005","11.069","waste","14.50248442"
"266","Eritrea","2000","3.934","energy","19.16624301"
"267","Eritrea","2000","3.934","transport from energy","5.058464667"
"268","Eritrea","2000","3.934","industrial","0.889679715"
"269","Eritrea","2000","3.934","agriculture","78.87646162"
"270","Eritrea","2000","3.934","waste","1.067615658"
"271","Estonia","2012","19.18947","energy","87.93275687"
"272","Estonia","2012","19.18947","transport from energy","11.87614874"
"273","Estonia","2012","19.18947","industrial","3.452831162"
"274","Estonia","2012","19.18947","agriculture","6.910925627"
"275","Estonia","2012","19.18947","waste","1.605932837"
"276","Ethiopia","1995","47.745","energy","15.84459106"
"277","Ethiopia","1995","47.745","transport from energy",NA
"278","Ethiopia","1995","47.745","industrial","0.718399832"
"279","Ethiopia","1995","47.745","agriculture","80.63252697"
"280","Ethiopia","1995","47.745","waste","2.804482145"
"281","Fiji","2004","2.71006","energy","60.98130669"
"282","Fiji","2004","2.71006","transport from energy","27.04774064"
"283","Fiji","2004","2.71006","industrial",NA
"284","Fiji","2004","2.71006","agriculture","35.52024678"
"285","Fiji","2004","2.71006","waste","3.498815524"
"286","Finland","2012","60.96573","energy","78.42789712"
"287","Finland","2012","60.96573","transport from energy","20.79533863"
"288","Finland","2012","60.96573","industrial","8.70972922"
"289","Finland","2012","60.96573","agriculture","9.362440177"
"290","Finland","2012","60.96573","waste","3.391725154"
"291","France","2012","496.39599","energy","71.86989967"
"292","France","2012","496.39599","transport from energy","26.97981505"
"293","France","2012","496.39599","industrial","7.258126723"
"294","France","2012","496.39599","agriculture","18.07135469"
"295","France","2012","496.39599","waste","2.571332214"
"296","Gabon","2000","6.15955","energy","86.083886"
"297","Gabon","2000","6.15955","transport from energy","6.570122817"
"298","Gabon","2000","6.15955","industrial","1.462769196"
"299","Gabon","2000","6.15955","agriculture","5.844745152"
"300","Gabon","2000","6.15955","waste","6.608599654"
"301","Gambia","2000","19.38319","energy","1.75476792"
"302","Gambia","2000","19.38319","transport from energy","0.514982312"
"303","Gambia","2000","19.38319","industrial","89.0842529"
"304","Gambia","2000","19.38319","agriculture","8.093198282"
"305","Gambia","2000","19.38319","waste","1.067780897"
"306","Georgia","2006","12.21869","energy","48.82192772"
"307","Georgia","2006","12.21869","transport from energy","10.52248645"
"308","Georgia","2006","12.21869","industrial","14.58405115"
"309","Georgia","2006","12.21869","agriculture","27.10519704"
"310","Georgia","2006","12.21869","waste","9.435545054"
"311","Germany","2012","939.08331","energy","83.70188796"
"312","Germany","2012","939.08331","transport from energy","16.55725305"
"313","Germany","2012","939.08331","industrial","7.268135774"
"314","Germany","2012","939.08331","agriculture","7.399807798"
"315","Germany","2012","939.08331","waste","1.443169084"
"316","Ghana","2006","18.22704","energy","50.65885629"
"317","Ghana","2006","18.22704","transport from energy","17.11802904"
"318","Ghana","2006","18.22704","industrial","1.335652964"
"319","Ghana","2006","18.22704","agriculture","35.57149159"
"320","Ghana","2006","18.22704","waste","12.43399916"
"321","Greece","2012","110.99406","energy","78.61478353"
"322","Greece","2012","110.99406","transport from energy","14.50333468"
"323","Greece","2012","110.99406","industrial","8.655201909"
"324","Greece","2012","110.99406","agriculture","8.176879015"
"325","Greece","2012","110.99406","waste","4.266201272"
"326","Grenada","1994","1.60647","energy","8.468256488"
"327","Grenada","1994","1.60647","transport from energy","3.236910742"
"328","Grenada","1994","1.60647","industrial",NA
"329","Grenada","1994","1.60647","agriculture","0.026766762"
"330","Grenada","1994","1.60647","waste","91.50497675"
"331","Guatemala","1990","14.74218","energy","31.0945871"
"332","Guatemala","1990","14.74218","transport from energy","14.48218649"
"333","Guatemala","1990","14.74218","industrial","3.694568917"
"334","Guatemala","1990","14.74218","agriculture","59.90647245"
"335","Guatemala","1990","14.74218","waste","5.304303705"
"336","Guinea","1994","5.05764","energy","40.39809081"
"337","Guinea","1994","5.05764","transport from energy","12.36110123"
"338","Guinea","1994","5.05764","industrial","2.835709936"
"339","Guinea","1994","5.05764","agriculture","50.01641082"
"340","Guinea","1994","5.05764","waste","6.749788439"
"341","Guinea-Bissau","1994","1.69396","energy","10.62185648"
"342","Guinea-Bissau","1994","1.69396","transport from energy","0.024793974"
"343","Guinea-Bissau","1994","1.69396","industrial","0.001770998"
"344","Guinea-Bissau","1994","1.69396","agriculture","86.74821129"
"345","Guinea-Bissau","1994","1.69396","waste","2.628161232"
"346","Guyana","2004","3.07171","energy","53.94389444"
"347","Guyana","2004","3.07171","transport from energy","10.22231916"
"348","Guyana","2004","3.07171","industrial",NA
"349","Guyana","2004","3.07171","agriculture","43.30845034"
"350","Guyana","2004","3.07171","waste","2.747655215"
"351","Haiti","2000","6.68312","energy","23.46763188"
"352","Haiti","2000","6.68312","transport from energy","11.22035816"
"353","Haiti","2000","6.68312","industrial",NA
"354","Haiti","2000","6.68312","agriculture","71.39419912"
"355","Haiti","2000","6.68312","waste","2.838045703"
"356","Honduras","2000","10.2981","energy","33.35566755"
"357","Honduras","2000","10.2981","transport from energy","22.07203271"
"358","Honduras","2000","10.2981","industrial","6.699973782"
"359","Honduras","2000","10.2981","agriculture","43.02133403"
"360","Honduras","2000","10.2981","waste","16.92302464"
"361","Hungary","2012","61.98066","energy","73.36898316"
"362","Hungary","2012","61.98066","transport from energy","17.50370196"
"363","Hungary","2012","61.98066","industrial","6.895521926"
"364","Hungary","2012","61.98066","agriculture","14.04549419"
"365","Hungary","2012","61.98066","waste","5.12458241"
"366","Iceland","2012","4.46773","energy","38.44390776"
"367","Iceland","2012","4.46773","transport from energy","19.09202212"
"368","Iceland","2012","4.46773","industrial","42.15160719"
"369","Iceland","2012","4.46773","agriculture","15.1754918"
"370","Iceland","2012","4.46773","waste","4.090891795"
"371","India","2000","1523.76656","energy","67.3998575"
"372","India","2000","1523.76656","transport from energy","6.438291309"
"373","India","2000","1523.76656","industrial","5.814284965"
"374","India","2000","1523.76656","agriculture","23.33701627"
"375","India","2000","1523.76656","waste","3.448841271"
"376","Indonesia","2000","554.33348","energy","50.68000223"
"377","Indonesia","2000","554.33348","transport from energy","10.25028292"
"378","Indonesia","2000","554.33348","industrial","7.697344927"
"379","Indonesia","2000","554.33348","agriculture","13.24112338"
"380","Indonesia","2000","554.33348","waste","28.38152947"
"381","Iran (Islamic Republic of)","2000","483.66917","energy","78.11211535"
"382","Iran (Islamic Republic of)","2000","483.66917","transport from energy","15.71428462"
"383","Iran (Islamic Republic of)","2000","483.66917","industrial","6.463688806"
"384","Iran (Islamic Republic of)","2000","483.66917","agriculture","8.888949858"
"385","Iran (Islamic Republic of)","2000","483.66917","waste","6.535245982"
"386","Ireland","2012","58.53124","energy","63.32114269"
"387","Ireland","2012","58.53124","transport from energy","18.62325145"
"388","Ireland","2012","58.53124","industrial","4.136628576"
"389","Ireland","2012","58.53124","agriculture","30.69709441"
"390","Ireland","2012","58.53124","waste","1.72089298"
"391","Israel","2010","75.41555","energy","84.98370694"
"392","Israel","2010","75.41555","transport from energy","21.70285836"
"393","Israel","2010","75.41555","industrial","3.911978365"
"394","Israel","2010","75.41555","agriculture","3.170380644"
"395","Israel","2010","75.41555","waste","7.933934049"
"396","Italy","2012","461.19124","energy","82.36556922"
"397","Italy","2012","461.19124","transport from energy","22.9962759"
"398","Italy","2012","461.19124","industrial","6.114890647"
"399","Italy","2012","461.19124","agriculture","7.675173969"
"400","Italy","2012","461.19124","waste","3.515715086"
"401","Jamaica","1994","116.3142","energy","7.076513444"
"402","Jamaica","1994","116.3142","transport from energy","1.090743864"
"403","Jamaica","1994","116.3142","industrial","0.325841557"
"404","Jamaica","1994","116.3142","agriculture","92.26919843"
"405","Jamaica","1994","116.3142","waste","0.328455167"
"406","Japan","2012","1343.13679","energy","91.54666741"
"407","Japan","2012","1343.13679","transport from energy","16.36134768"
"408","Japan","2012","1343.13679","industrial","5.175626974"
"409","Japan","2012","1343.13679","agriculture","1.779771069"
"410","Japan","2012","1343.13679","waste","1.491183188"
"411","Jordan","2006","27.752","energy","75.36754108"
"412","Jordan","2006","27.752","transport from energy","17.03300663"
"413","Jordan","2006","27.752","industrial","9.192130297"
"414","Jordan","2006","27.752","agriculture","4.46814644"
"415","Jordan","2006","27.752","waste","10.97218219"
"416","Kazakhstan","2012","283.54997","energy","85.07550186"
"417","Kazakhstan","2012","283.54997","transport from energy","8.199433066"
"418","Kazakhstan","2012","283.54997","industrial","5.902247142"
"419","Kazakhstan","2012","283.54997","agriculture","7.591882306"
"420","Kazakhstan","2012","283.54997","waste","1.430368693"
"421","Kenya","1994","21.46623","energy","37.53877602"
"422","Kenya","1994","21.46623","transport from energy",NA
"423","Kenya","1994","21.46623","industrial","4.609612401"
"424","Kenya","1994","21.46623","agriculture","56.36602235"
"425","Kenya","1994","21.46623","waste","1.485542641"
"426","Kiribati","1994","0.02797","energy","66.35681087"
"427","Kiribati","1994","0.02797","transport from energy",NA
"428","Kiribati","1994","0.02797","industrial",NA
"429","Kiribati","1994","0.02797","agriculture","1.751877011"
"430","Kiribati","1994","0.02797","waste","31.92706471"
"431","Kuwait","1994","32.37339","energy","95.31034594"
"432","Kuwait","1994","32.37339","transport from energy","16.6599173"
"433","Kuwait","1994","32.37339","industrial","2.063423077"
"434","Kuwait","1994","32.37339","agriculture","0.203871142"
"435","Kuwait","1994","32.37339","waste","2.422359846"
"436","Kyrgyzstan","2005","12.01715","energy","74.07488464"
"437","Kyrgyzstan","2005","12.01715","transport from energy","20.7000828"
"438","Kyrgyzstan","2005","12.01715","industrial","4.321074464"
"439","Kyrgyzstan","2005","12.01715","agriculture","16.11496902"
"440","Kyrgyzstan","2005","12.01715","waste","5.488988654"
"441","Lao People's Democratic Republic","2000","8.89818","energy","11.68272613"
"442","Lao People's Democratic Republic","2000","8.89818","transport from energy","5.019116269"
"443","Lao People's Democratic Republic","2000","8.89818","industrial","0.544043838"
"444","Lao People's Democratic Republic","2000","8.89818","agriculture","86.26382024"
"445","Lao People's Democratic Republic","2000","8.89818","waste","1.509409789"
"446","Latvia","2012","10.97965","energy","65.77705118"
"447","Latvia","2012","10.97965","transport from energy","25.44698602"
"448","Latvia","2012","10.97965","industrial","6.272331085"
"449","Latvia","2012","10.97965","agriculture","22.04350776"
"450","Latvia","2012","10.97965","waste","5.46529261"
"451","Lebanon","2000","18.44684","energy","75.10397445"
"452","Lebanon","2000","18.44684","transport from energy","21.48140278"
"453","Lebanon","2000","18.44684","industrial","9.708871547"
"454","Lebanon","2000","18.44684","agriculture","5.776057037"
"455","Lebanon","2000","18.44684","waste","9.411096968"
"456","Lesotho","2000","3.51289","energy","30.72769144"
"457","Lesotho","2000","3.51289","transport from energy",NA
"458","Lesotho","2000","3.51289","industrial",NA
"459","Lesotho","2000","3.51289","agriculture","63.58952316"
"460","Lesotho","2000","3.51289","waste","5.682785399"
"461","Liberia","2000","8.02178","energy","67.49125506"
"462","Liberia","2000","8.02178","transport from energy","27.08875088"
"463","Liberia","2000","8.02178","industrial",NA
"464","Liberia","2000","8.02178","agriculture","31.93804866"
"465","Liberia","2000","8.02178","waste","0.570696279"
"466","Liechtenstein","2012","0.2253","energy","84.66045273"
"467","Liechtenstein","2012","0.2253","transport from energy","36.61340435"
"468","Liechtenstein","2012","0.2253","industrial","3.719485131"
"469","Liechtenstein","2012","0.2253","agriculture","10.32401243"
"470","Liechtenstein","2012","0.2253","waste","0.892143808"
"471","Lithuania","2012","21.62276","energy","54.96643352"
"472","Lithuania","2012","21.62276","transport from energy","20.98649756"
"473","Lithuania","2012","21.62276","industrial","16.77584175"
"474","Lithuania","2012","21.62276","agriculture","23.40117543"
"475","Lithuania","2012","21.62276","waste","4.469272193"
"476","Luxembourg","2012","11.83819","energy","88.66524359"
"477","Luxembourg","2012","11.83819","transport from energy","55.05503797"
"478","Luxembourg","2012","11.83819","industrial","5.159065702"
"479","Luxembourg","2012","11.83819","agriculture","5.64849863"
"480","Luxembourg","2012","11.83819","waste","0.424389201"
"481","Madagascar","2000","29.3439","energy","9.207705861"
"482","Madagascar","2000","29.3439","transport from energy","3.198961283"
"483","Madagascar","2000","29.3439","industrial","0.084174224"
"484","Madagascar","2000","29.3439","agriculture","90.4791115"
"485","Madagascar","2000","29.3439","waste","0.229008414"
"486","Malawi","1994","7.07034","energy","52.58403415"
"487","Malawi","1994","7.07034","transport from energy",NA
"488","Malawi","1994","7.07034","industrial","0.825702866"
"489","Malawi","1994","7.07034","agriculture","45.31606684"
"490","Malawi","1994","7.07034","waste","1.274196149"
"491","Malaysia","2000","193.39662","energy","76.0102736"
"492","Malaysia","2000","193.39662","transport from energy",NA
"493","Malaysia","2000","193.39662","industrial","7.308137029"
"494","Malaysia","2000","193.39662","agriculture","3.053067835"
"495","Malaysia","2000","193.39662","waste","13.62852153"
"496","Maldives","1994","0.15298","energy","84.32474833"
"497","Maldives","1994","0.15298","transport from energy",NA
"498","Maldives","1994","0.15298","industrial",NA
"499","Maldives","1994","0.15298","agriculture",NA
"500","Maldives","1994","0.15298","waste","15.67525167"
"501","Mali","2000","12.2987","energy","19.43595665"
"502","Mali","2000","12.2987","transport from energy","5.511720751"
"503","Mali","2000","12.2987","industrial","0.922048672"
"504","Mali","2000","12.2987","agriculture","76.82421719"
"505","Mali","2000","12.2987","waste","2.817777489"
"506","Malta","2012","3.14015","energy","89.86545229"
"507","Malta","2012","3.14015","transport from energy","17.55298314"
"508","Malta","2012","3.14015","industrial","5.472031591"
"509","Malta","2012","3.14015","agriculture","2.529815455"
"510","Malta","2012","3.14015","waste","2.072194003"
"511","Mauritania","2000","6.94385","energy","16.85909114"
"512","Mauritania","2000","6.94385","transport from energy","5.834947472"
"513","Mauritania","2000","6.94385","industrial","0.276503669"
"514","Mauritania","2000","6.94385","agriculture","81.61855455"
"515","Mauritania","2000","6.94385","waste","1.245706632"
"516","Mauritius","2006","4.75753","energy","66.28607702"
"517","Mauritius","2006","4.75753","transport from energy","18.0059821"
"518","Mauritius","2006","4.75753","industrial","1.365414406"
"519","Mauritius","2006","4.75753","agriculture","4.330818723"
"520","Mauritius","2006","4.75753","waste","28.01768985"
"521","Mexico","2006","641.4475","energy","67.05103691"
"522","Mexico","2006","641.4475","transport from energy","22.55693568"
"523","Mexico","2006","641.4475","industrial","9.903491712"
"524","Mexico","2006","641.4475","agriculture","7.101469723"
"525","Mexico","2006","641.4475","waste","15.94400165"
"526","Micronesia (Federated States of)","1994","0.24601","energy","97.95943254"
"527","Micronesia (Federated States of)","1994","0.24601","transport from energy","0.260152026"
"528","Micronesia (Federated States of)","1994","0.24601","industrial","0.008129751"
"529","Micronesia (Federated States of)","1994","0.24601","agriculture","0.341449535"
"530","Micronesia (Federated States of)","1994","0.24601","waste","1.690988171"
"531","Monaco","2012","0.09347","energy","91.50529582"
"532","Monaco","2012","0.09347","transport from energy","31.15438108"
"533","Monaco","2012","0.09347","industrial","7.01829464"
"534","Monaco","2012","0.09347","agriculture",NA
"535","Monaco","2012","0.09347","waste","1.380121964"
"536","Mongolia","2006","17.71095","energy","57.70215601"
"537","Mongolia","2006","17.71095","transport from energy","10.65403042"
"538","Mongolia","2006","17.71095","industrial","5.037279197"
"539","Mongolia","2006","17.71095","agriculture","36.48392661"
"540","Mongolia","2006","17.71095","waste","0.776638181"
"541","Montenegro","2003","5.31367","energy","49.99557744"
"542","Montenegro","2003","5.31367","transport from energy",NA
"543","Montenegro","2003","5.31367","industrial","35.42993825"
"544","Montenegro","2003","5.31367","agriculture","12.32970809"
"545","Montenegro","2003","5.31367","waste","2.244776209"
"546","Morocco","2000","59.69969","energy","53.78542167"
"547","Morocco","2000","59.69969","transport from energy","9.988309822"
"548","Morocco","2000","59.69969","industrial","6.318810031"
"549","Morocco","2000","59.69969","agriculture","35.05470464"
"550","Morocco","2000","59.69969","waste","4.841063664"
"551","Mozambique","1994","8.22389","energy","22.64354217"
"552","Mozambique","1994","8.22389","transport from energy","10.3938647"
"553","Mozambique","1994","8.22389","industrial","0.624400375"
"554","Mozambique","1994","8.22389","agriculture","56.20418075"
"555","Mozambique","1994","8.22389","waste","20.52787671"
"556","Myanmar","2005","38.3749","energy","21.39943036"
"557","Myanmar","2005","38.3749","transport from energy","6.465137368"
"558","Myanmar","2005","38.3749","industrial","1.320420379"
"559","Myanmar","2005","38.3749","agriculture","69.12604333"
"560","Myanmar","2005","38.3749","waste","8.137610782"
"561","Namibia","2000","9.0858","energy","23.86911444"
"562","Namibia","2000","9.0858","transport from energy","11.32756609"
"563","Namibia","2000","9.0858","industrial",NA
"564","Namibia","2000","9.0858","agriculture","74.15417465"
"565","Namibia","2000","9.0858","waste","1.976710912"
"566","Nauru","1994","0.0359","energy","78.88579387"
"567","Nauru","1994","0.0359","transport from energy",NA
"568","Nauru","1994","0.0359","industrial",NA
"569","Nauru","1994","0.0359","agriculture","13.67688022"
"570","Nauru","1994","0.0359","waste","7.437325905"
"571","Nepal","1994","31.18887","energy","10.47168429"
"572","Nepal","1994","31.18887","transport from energy","1.462060023"
"573","Nepal","1994","31.18887","industrial","0.529034877"
"574","Nepal","1994","31.18887","agriculture","87.20097907"
"575","Nepal","1994","31.18887","waste","1.798301766"
"576","Netherlands","2012","191.6687","energy","84.49445319"
"577","Netherlands","2012","191.6687","transport from energy","17.73102755"
"578","Netherlands","2012","191.6687","industrial","5.176233783"
"579","Netherlands","2012","191.6687","agriculture","8.297385019"
"580","Netherlands","2012","191.6687","waste","1.92433089"
"581","New Zealand","2012","76.04798","energy","42.23817648"
"582","New Zealand","2012","76.04798","transport from energy","18.08739693"
"583","New Zealand","2012","76.04798","industrial","6.938777335"
"584","New Zealand","2012","76.04798","agriculture","46.0500463"
"585","New Zealand","2012","76.04798","waste","4.728159775"
"586","Nicaragua","2000","11.98064","energy","32.73481216"
"587","Nicaragua","2000","11.98064","transport from energy","10.30420745"
"588","Nicaragua","2000","11.98064","industrial","2.552868628"
"589","Nicaragua","2000","11.98064","agriculture","59.27062327"
"590","Nicaragua","2000","11.98064","waste","5.441695936"
"591","Niger","2000","13.627","energy","19.2412123"
"592","Niger","2000","13.627","transport from energy","5.555147868"
"593","Niger","2000","13.627","industrial","0.132090702"
"594","Niger","2000","13.627","agriculture","78.04358993"
"595","Niger","2000","13.627","waste","2.583107067"
"596","Nigeria","2000","212.444","energy","71.62546365"
"597","Nigeria","2000","212.444","transport from energy",NA
"598","Nigeria","2000","212.444","industrial","0.988966504"
"599","Nigeria","2000","212.444","agriculture","26.27045245"
"600","Nigeria","2000","212.444","waste","1.115117396"
"601","Niue","1994","4.42215","energy","99.94324028"
"602","Niue","1994","4.42215","transport from energy","32.15630406"
"603","Niue","1994","4.42215","industrial",NA
"604","Niue","1994","4.42215","agriculture","0.024874778"
"605","Niue","1994","4.42215","waste","0.032111077"
"606","Norway","2012","52.75724","energy","74.31812202"
"607","Norway","2012","52.75724","transport from energy","28.74174237"
"608","Norway","2012","52.75724","industrial","14.54520744"
"609","Norway","2012","52.75724","agriculture","8.536212281"
"610","Norway","2012","52.75724","waste","2.263803034"
"611","Oman","1994","20.87867","energy","59.6060477"
"612","Oman","1994","20.87867","transport from energy","7.934509238"
"613","Oman","1994","20.87867","industrial","2.838016023"
"614","Oman","1994","20.87867","agriculture","35.77191459"
"615","Oman","1994","20.87867","waste","1.784021683"
"616","Pakistan","1994","160.5892","energy","51.84456364"
"617","Pakistan","1994","160.5892","transport from energy","11.63029643"
"618","Pakistan","1994","160.5892","industrial","7.017657476"
"619","Pakistan","1994","160.5892","agriculture","38.57057013"
"620","Pakistan","1994","160.5892","waste","2.567208754"
"621","Palau","2000","0.09247","energy",NA
"622","Palau","2000","0.09247","transport from energy",NA
"623","Palau","2000","0.09247","industrial","0.010814318"
"624","Palau","2000","0.09247","agriculture","99.98918568"
"625","Palau","2000","0.09247","waste",NA
"626","Panama","2000","9.70774","energy","49.59310818"
"627","Panama","2000","9.70774","transport from energy","28.08171624"
"628","Panama","2000","9.70774","industrial","6.105437517"
"629","Panama","2000","9.70774","agriculture","33.17136635"
"630","Panama","2000","9.70774","waste","11.13008795"
"631","Papua New Guinea","1994","5.01224","energy","18.90512027"
"632","Papua New Guinea","1994","5.01224","transport from energy",NA
"633","Papua New Guinea","1994","5.01224","industrial","3.850573795"
"634","Papua New Guinea","1994","5.01224","agriculture","77.24430594"
"635","Papua New Guinea","1994","5.01224","waste",NA
"636","Paraguay","2000","23.42988","energy","15.72274378"
"637","Paraguay","2000","23.42988","transport from energy","11.90484117"
"638","Paraguay","2000","23.42988","industrial","1.686735058"
"639","Paraguay","2000","23.42988","agriculture","79.50629709"
"640","Paraguay","2000","23.42988","waste","3.084224076"
"641","Peru","2010","80.59102","energy","50.38433562"
"642","Peru","2010","80.59102","transport from energy","18.86773489"
"643","Peru","2010","80.59102","industrial","7.7850361"
"644","Peru","2010","80.59102","agriculture","32.32541293"
"645","Peru","2010","80.59102","waste","9.505215345"
"646","Philippines","2000","126.87871","energy","54.9085343"
"647","Philippines","2000","126.87871","transport from energy","20.44139635"
"648","Philippines","2000","126.87871","industrial","6.78583507"
"649","Philippines","2000","126.87871","agriculture","29.16382898"
"650","Philippines","2000","126.87871","waste","9.141801647"
"651","Poland","2012","399.26797","energy","80.06090747"
"652","Poland","2012","399.26797","transport from energy","11.72759488"
"653","Poland","2012","399.26797","industrial","6.75193655"
"654","Poland","2012","399.26797","agriculture","9.180265575"
"655","Poland","2012","399.26797","waste","3.816622205"
"656","Portugal","2012","68.85377","energy","69.56327882"
"657","Portugal","2012","68.85377","transport from energy","24.69658524"
"658","Portugal","2012","68.85377","industrial","7.719156119"
"659","Portugal","2012","68.85377","agriculture","10.49152428"
"660","Portugal","2012","68.85377","waste","11.88804912"
"661","Qatar","2007","61.59297","energy","91.26897112"
"662","Qatar","2007","61.59297","transport from energy","8.673246314"
"663","Qatar","2007","61.59297","industrial","7.921699506"
"664","Qatar","2007","61.59297","agriculture","0.137775464"
"665","Qatar","2007","61.59297","waste","0.671553913"
"666","Republic of Korea","2012","688.43121","energy","87.19160917"
"667","Republic of Korea","2012","688.43121","transport from energy","12.5451503"
"668","Republic of Korea","2012","688.43121","industrial","7.461515291"
"669","Republic of Korea","2012","688.43121","agriculture","3.194895827"
"670","Republic of Korea","2012","688.43121","waste","2.151979716"
"671","Republic of Moldova","2010","13.27611","energy","67.38811293"
"672","Republic of Moldova","2010","13.27611","transport from energy","14.34674765"
"673","Republic of Moldova","2010","13.27611","industrial","4.255614032"
"674","Republic of Moldova","2010","13.27611","agriculture","16.06208445"
"675","Republic of Moldova","2010","13.27611","waste","11.88842214"
"676","Romania","2012","118.78904","energy","69.2172527"
"677","Romania","2012","118.78904","transport from energy","12.67976406"
"678","Romania","2012","118.78904","industrial","10.42046472"
"679","Romania","2012","118.78904","agriculture","15.33038738"
"680","Romania","2012","118.78904","waste","4.924343189"
"681","Russian Federation","2012","2297.1518","energy","82.15641126"
"682","Russian Federation","2012","2297.1518","transport from energy","10.50728515"
"683","Russian Federation","2012","2297.1518","industrial","7.885629935"
"684","Russian Federation","2012","2297.1518","agriculture","6.278298631"
"685","Russian Federation","2012","2297.1518","waste","3.654697526"
"686","Rwanda","2005","6.18008","energy","12.96099727"
"687","Rwanda","2005","6.18008","transport from energy","4.433599565"
"688","Rwanda","2005","6.18008","industrial","2.443334067"
"689","Rwanda","2005","6.18008","agriculture","83.57626438"
"690","Rwanda","2005","6.18008","waste","1.01940428"
"691","Saint Kitts and Nevis","1994","0.16441","energy","44.96685116"
"692","Saint Kitts and Nevis","1994","0.16441","transport from energy","15.97834682"
"693","Saint Kitts and Nevis","1994","0.16441","industrial",NA
"694","Saint Kitts and Nevis","1994","0.16441","agriculture","25.78310322"
"695","Saint Kitts and Nevis","1994","0.16441","waste","29.25004562"
"696","Saint Lucia","2000","0.55086","energy","63.54609157"
"697","Saint Lucia","2000","0.55086","transport from energy",NA
"698","Saint Lucia","2000","0.55086","industrial",NA
"699","Saint Lucia","2000","0.55086","agriculture","7.33035617"
"700","Saint Lucia","2000","0.55086","waste","29.01100098"
"701","Saint Vincent and the Grenadines","1997","0.4104","energy","26.14766082"
"702","Saint Vincent and the Grenadines","1997","0.4104","transport from energy","9.23245614"
"703","Saint Vincent and the Grenadines","1997","0.4104","industrial",NA
"704","Saint Vincent and the Grenadines","1997","0.4104","agriculture","64.39814815"
"705","Saint Vincent and the Grenadines","1997","0.4104","waste","9.454191033"
"706","Samoa","1994","0.56083","energy","18.33532443"
"707","Samoa","1994","0.56083","transport from energy","12.70081843"
"708","Samoa","1994","0.56083","industrial",NA
"709","Samoa","1994","0.56083","agriculture","76.79332418"
"710","Samoa","1994","0.56083","waste","4.87135139"
"711","San Marino","2007","0.23745","energy","98.28595494"
"712","San Marino","2007","0.23745","transport from energy","58.82080438"
"713","San Marino","2007","0.23745","industrial",NA
"714","San Marino","2007","0.23745","agriculture","1.718256475"
"715","San Marino","2007","0.23745","waste",NA
"716","Sao Tome and Principe","2005","0.09916","energy","71.39975797"
"717","Sao Tome and Principe","2005","0.09916","transport from energy","28.54981848"
"718","Sao Tome and Principe","2005","0.09916","industrial","6.726502622"
"719","Sao Tome and Principe","2005","0.09916","agriculture","14.71359419"
"720","Sao Tome and Principe","2005","0.09916","waste","7.150060508"
"721","Saudi Arabia","2000","296.05987","energy","82.83887985"
"722","Saudi Arabia","2000","296.05987","transport from energy","19.6219974"
"723","Saudi Arabia","2000","296.05987","industrial","6.555356523"
"724","Saudi Arabia","2000","296.05987","agriculture","4.165073098"
"725","Saudi Arabia","2000","296.05987","waste","6.440690527"
"726","Senegal","2000","16.88211","energy","48.47024454"
"727","Senegal","2000","16.88211","transport from energy","11.37778394"
"728","Senegal","2000","16.88211","industrial","2.151034438"
"729","Senegal","2000","16.88211","agriculture","37.08381239"
"730","Senegal","2000","16.88211","waste","12.29490863"
"731","Serbia","1998","66.34241","energy","76.18906217"
"732","Serbia","1998","66.34241","transport from energy","5.84347177"
"733","Serbia","1998","66.34241","industrial","5.455228413"
"734","Serbia","1998","66.34241","agriculture","14.3192115"
"735","Serbia","1998","66.34241","waste","4.03649792"
"736","Seychelles","2000","0.33008","energy","79.31410567"
"737","Seychelles","2000","0.33008","transport from energy","20.13148328"
"738","Seychelles","2000","0.33008","industrial",NA
"739","Seychelles","2000","0.33008","agriculture","4.717038294"
"740","Seychelles","2000","0.33008","waste","15.96885603"
"741","Singapore","2010","46.8695","energy","97.18595249"
"742","Singapore","2010","46.8695","transport from energy","14.85138523"
"743","Singapore","2010","46.8695","industrial","2.377025571"
"744","Singapore","2010","46.8695","agriculture",NA
"745","Singapore","2010","46.8695","waste",NA
"746","Slovakia","2012","43.11834","energy","68.4952853"
"747","Slovakia","2012","43.11834","transport from energy","15.24532252"
"748","Slovakia","2012","43.11834","industrial","18.53856155"
"749","Slovakia","2012","43.11834","agriculture","7.563811594"
"750","Slovakia","2012","43.11834","waste","5.001282517"
"751","Slovenia","2012","18.91098","energy","81.84160736"
"752","Slovenia","2012","18.91098","transport from energy","30.52829626"
"753","Slovenia","2012","18.91098","industrial","5.359743387"
"754","Slovenia","2012","18.91098","agriculture","9.89509798"
"755","Slovenia","2012","18.91098","waste","2.582309325"
"756","Solomon Islands","1994","0.29438","energy","100"
"757","Solomon Islands","1994","0.29438","transport from energy","65.49018276"
"758","Solomon Islands","1994","0.29438","industrial",NA
"759","Solomon Islands","1994","0.29438","agriculture",NA
"760","Solomon Islands","1994","0.29438","waste",NA
"761","South Africa","1994","379.83716","energy","78.34050518"
"762","South Africa","1994","379.83716","transport from energy","11.4579811"
"763","South Africa","1994","379.83716","industrial","7.99980181"
"764","South Africa","1994","379.83716","agriculture","9.334400036"
"765","South Africa","1994","379.83716","waste","4.325292976"
"766","Spain","2012","340.80859","energy","77.91736411"
"767","Spain","2012","340.80859","transport from energy","23.67039516"
"768","Spain","2012","340.80859","industrial","6.868673703"
"769","Spain","2012","340.80859","agriculture","11.06626743"
"770","Spain","2012","340.80859","waste","3.777161251"
"771","Sri Lanka","2000","18.79724","energy","61.51163681"
"772","Sri Lanka","2000","18.79724","transport from energy","27.04530027"
"773","Sri Lanka","2000","18.79724","industrial","2.619533506"
"774","Sri Lanka","2000","18.79724","agriculture","25.05224171"
"775","Sri Lanka","2000","18.79724","waste","10.81658797"
"776","Sudan","2000","67.8396","energy","12.3871603"
"777","Sudan","2000","67.8396","transport from energy","4.202560157"
"778","Sudan","2000","67.8396","industrial","0.137088072"
"779","Sudan","2000","67.8396","agriculture","84.66618317"
"780","Sudan","2000","67.8396","waste","2.809568453"
"781","Suriname","2003","3.33","energy","72.19219219"
"782","Suriname","2003","3.33","transport from energy","10.54054054"
"783","Suriname","2003","3.33","industrial","1.951951952"
"784","Suriname","2003","3.33","agriculture","25.22522523"
"785","Suriname","2003","3.33","waste","0.630630631"
"786","Swaziland","1994","7.53868","energy","14.00709408"
"787","Swaziland","1994","7.53868","transport from energy","5.868401365"
"788","Swaziland","1994","7.53868","industrial","65.03393167"
"789","Swaziland","1994","7.53868","agriculture","16.36214828"
"790","Swaziland","1994","7.53868","waste","4.59682597"
"791","Sweden","2012","57.61045","energy","73.15962642"
"792","Sweden","2012","57.61045","transport from energy","33.16873935"
"793","Sweden","2012","57.61045","industrial","10.23906253"
"794","Sweden","2012","57.61045","agriculture","13.26396513"
"795","Sweden","2012","57.61045","waste","2.811989839"
"796","Switzerland","2012","51.49266","energy","80.59544797"
"797","Switzerland","2012","51.49266","transport from energy","31.71611255"
"798","Switzerland","2012","51.49266","industrial","7.046091618"
"799","Switzerland","2012","51.49266","agriculture","10.75603785"
"800","Switzerland","2012","51.49266","waste","1.186809926"
"801","Tajikistan","2010","8.184","energy","15.55474096"
"802","Tajikistan","2010","8.184","transport from energy","4.960899316"
"803","Tajikistan","2010","8.184","industrial","8.015640274"
"804","Tajikistan","2010","8.184","agriculture","69.75806452"
"805","Tajikistan","2010","8.184","waste","6.671554252"
"806","Thailand","2000","236.94687","energy","67.26461506"
"807","Thailand","2000","236.94687","transport from energy","18.86553724"
"808","Thailand","2000","236.94687","industrial","6.912773315"
"809","Thailand","2000","236.94687","agriculture","21.89088212"
"810","Thailand","2000","236.94687","waste","3.931729505"
"811","The former Yugoslav Republic of Macedonia","2009","11.4913","energy","76.26238981"
"812","The former Yugoslav Republic of Macedonia","2009","11.4913","transport from energy","11.26104096"
"813","The former Yugoslav Republic of Macedonia","2009","11.4913","industrial","3.892248919"
"814","The former Yugoslav Republic of Macedonia","2009","11.4913","agriculture","11.51645158"
"815","The former Yugoslav Republic of Macedonia","2009","11.4913","waste","8.328909697"
"816","Timor-Leste","2010","1.27659","energy","19.63825504"
"817","Timor-Leste","2010","1.27659","transport from energy","8.640205548"
"818","Timor-Leste","2010","1.27659","industrial",NA
"819","Timor-Leste","2010","1.27659","agriculture","75.69070727"
"820","Timor-Leste","2010","1.27659","waste","4.671037686"
"821","Togo","2000","4.91719","energy","34.87093238"
"822","Togo","2000","4.91719","transport from energy","13.05684751"
"823","Togo","2000","4.91719","industrial","6.356679323"
"824","Togo","2000","4.91719","agriculture","55.33424578"
"825","Togo","2000","4.91719","waste","3.438142516"
"826","Tonga","2000","0.24509","energy","40.13219634"
"827","Tonga","2000","0.24509","transport from energy","23.02011506"
"828","Tonga","2000","0.24509","industrial",NA
"829","Tonga","2000","0.24509","agriculture","38.11661022"
"830","Tonga","2000","0.24509","waste","21.75119344"
"831","Trinidad and Tobago","1990","16.00618","energy","62.02904128"
"832","Trinidad and Tobago","1990","16.00618","transport from energy","9.302844276"
"833","Trinidad and Tobago","1990","16.00618","industrial","31.96827725"
"834","Trinidad and Tobago","1990","16.00618","agriculture","2.116182624"
"835","Trinidad and Tobago","1990","16.00618","waste","3.88649884"
"836","Tunisia","2000","34.23787","energy","60.6449233"
"837","Tunisia","2000","34.23787","transport from energy","15.06802263"
"838","Tunisia","2000","34.23787","industrial","11.5497547"
"839","Tunisia","2000","34.23787","agriculture","22.30755009"
"840","Tunisia","2000","34.23787","waste","5.497771912"
"841","Turkey","2012","439.87372","energy","70.15746701"
"842","Turkey","2012","439.87372","transport from energy","13.99557127"
"843","Turkey","2012","439.87372","industrial","14.27080027"
"844","Turkey","2012","439.87372","agriculture","7.338647101"
"845","Turkey","2012","439.87372","waste","8.233087896"
"846","Turkmenistan","2004","75.40852","energy","69.63065977"
"847","Turkmenistan","2004","75.40852","transport from energy","3.144379441"
"848","Turkmenistan","2004","75.40852","industrial","20.66726678"
"849","Turkmenistan","2004","75.40852","agriculture","9.024789241"
"850","Turkmenistan","2004","75.40852","waste","0.67727095"
"851","Tuvalu","1994","0.00556","energy","83.63309353"
"852","Tuvalu","1994","0.00556","transport from energy",NA
"853","Tuvalu","1994","0.00556","industrial",NA
"854","Tuvalu","1994","0.00556","agriculture","16.36690647"
"855","Tuvalu","1994","0.00556","waste",NA
"856","Uganda","2000","27.55978","energy","17.7722754"
"857","Uganda","2000","27.55978","transport from energy","2.931808599"
"858","Uganda","2000","27.55978","industrial","0.576927682"
"859","Uganda","2000","27.55978","agriculture","79.13626306"
"860","Uganda","2000","27.55978","waste","2.514533861"
"861","Ukraine","2012","402.66595","energy","76.75868546"
"862","Ukraine","2012","402.66595","transport from energy","8.313059498"
"863","Ukraine","2012","402.66595","industrial","11.42615113"
"864","Ukraine","2012","402.66595","agriculture","8.948655827"
"865","Ukraine","2012","402.66595","waste","2.82269211"
"866","United Arab Emirates","2005","195.308","energy","89.4791816"
"867","United Arab Emirates","2005","195.308","transport from energy","14.96252074"
"868","United Arab Emirates","2005","195.308","industrial","4.831343314"
"869","United Arab Emirates","2005","195.308","agriculture","2.044463104"
"870","United Arab Emirates","2005","195.308","waste","3.645011981"
"871","United Kingdom of Great Britain and Northern Ireland","2012","586.35713","energy","82.80649713"
"872","United Kingdom of Great Britain and Northern Ireland","2012","586.35713","transport from energy","19.73613248"
"873","United Kingdom of Great Britain and Northern Ireland","2012","586.35713","industrial","4.259061368"
"874","United Kingdom of Great Britain and Northern Ireland","2012","586.35713","agriculture","8.889773371"
"875","United Kingdom of Great Britain and Northern Ireland","2012","586.35713","waste","4.044669841"
"876","United Republic of Tanzania","1994","39.2367","energy","17.5565988"
"877","United Republic of Tanzania","1994","39.2367","transport from energy","4.264323962"
"878","United Republic of Tanzania","1994","39.2367","industrial","0.944167068"
"879","United Republic of Tanzania","1994","39.2367","agriculture","75.77122949"
"880","United Republic of Tanzania","1994","39.2367","waste","5.728004649"
"881","United States of America","2012","6487.84705","energy","84.75666069"
"882","United States of America","2012","6487.84705","transport from energy","26.76756629"
"883","United States of America","2012","6487.84705","industrial","5.153540572"
"884","United States of America","2012","6487.84705","agriculture","8.11134273"
"885","United States of America","2012","6487.84705","waste","1.910835275"
"886","Uruguay","2004","36.27836","energy","14.2917155"
"887","Uruguay","2004","36.27836","transport from energy","6.18622231"
"888","Uruguay","2004","36.27836","industrial","0.938989524"
"889","Uruguay","2004","36.27836","agriculture","80.82666912"
"890","Uruguay","2004","36.27836","waste","3.942625852"
"891","Uzbekistan","2005","199.83708","energy","86.23955074"
"892","Uzbekistan","2005","199.83708","transport from energy","4.819571023"
"893","Uzbekistan","2005","199.83708","industrial","3.185800153"
"894","Uzbekistan","2005","199.83708","agriculture","8.22754716"
"895","Uzbekistan","2005","199.83708","waste","2.347106953"
"896","Vanuatu","1994","0.29939","energy","21.45362237"
"897","Vanuatu","1994","0.29939","transport from energy","15.12742577"
"898","Vanuatu","1994","0.29939","industrial",NA
"899","Vanuatu","1994","0.29939","agriculture","78.54637763"
"900","Vanuatu","1994","0.29939","waste",NA
"901","Venezuela (Bolivarian Republic of)","1999","192.19224","energy","74.69666829"
"902","Venezuela (Bolivarian Republic of)","1999","192.19224","transport from energy","17.68593779"
"903","Venezuela (Bolivarian Republic of)","1999","192.19224","industrial","4.790099746"
"904","Venezuela (Bolivarian Republic of)","1999","192.19224","agriculture","17.14933964"
"905","Venezuela (Bolivarian Republic of)","1999","192.19224","waste","3.363892319"
"906","Viet Nam","2010","266.04923","energy","53.06190136"
"907","Viet Nam","2010","266.04923","transport from energy","11.95939939"
"908","Viet Nam","2010","266.04923","industrial","7.95792944"
"909","Viet Nam","2010","266.04923","agriculture","33.20993637"
"910","Viet Nam","2010","266.04923","waste","5.770232825"
"911","Yemen","2000","25.74209","energy","69.06976085"
"912","Yemen","2000","25.74209","transport from energy","19.25251602"
"913","Yemen","2000","25.74209","industrial","2.851361331"
"914","Yemen","2000","25.74209","agriculture","23.34033484"
"915","Yemen","2000","25.74209","waste","4.738542985"
"916","Zambia","2000","14.4047","energy","18.2455032"
"917","Zambia","2000","14.4047","transport from energy","4.058605872"
"918","Zambia","2000","14.4047","industrial","6.980568842"
"919","Zambia","2000","14.4047","agriculture","71.91659667"
"920","Zambia","2000","14.4047","waste","2.857331288"
"921","Zimbabwe","2000","68.54068","energy","38.66317054"
"922","Zimbabwe","2000","68.54068","transport from energy","1.562575685"
"923","Zimbabwe","2000","68.54068","industrial","1.517609688"
"924","Zimbabwe","2000","68.54068","agriculture","57.73272165"
"925","Zimbabwe","2000","68.54068","waste","2.086498121"
